source_key,source_recipe_id,language,title,original_text,quantity_min,quantity_max,unit,unit_status,ingredient_id,variant,status,confidence,review_required,reviewer_result,reviewer_notes
themealdb_api,52764,en,Garides Saganaki,500g Raw king prawns,500.0,500.0,g,recognized,,,unmatched,0.0,True,,
themealdb_api,52764,en,Garides Saganaki,3 tablespoons Olive oil,3.0,3.0,tbsp,recognized,olive-oil,,matched,1.0,False,,
themealdb_api,52764,en,Garides Saganaki,1 Chopped onion,1.0,1.0,,not_present,onion,,matched,1.0,False,,
themealdb_api,52764,en,Garides Saganaki,pinch Freshly chopped parsley,,,pinch,recognized,parsley,,matched,0.88,False,,
themealdb_api,52764,en,Garides Saganaki,250ml White wine,250.0,250.0,ml,recognized,,,unmatched,0.0,True,,
themealdb_api,52764,en,Garides Saganaki,1 (400g) tin Chopped tomatoes,1.0,1.0,,unknown,tomato,,matched,0.88,True,,
themealdb_api,52764,en,Garides Saganaki,1/2 teaspoon Minced garlic,0.5,0.5,tsp,recognized,garlic,,matched,1.0,False,,
themealdb_api,52764,en,Garides Saganaki,1 (200g) pack Cubed Feta cheese,1.0,1.0,,unknown,cheese,,matched,0.88,True,,
themealdb_api,52765,en,Chicken Enchilada Casserole,14 oz jar Enchilada sauce,14.0,14.0,,not_present,,,unmatched,0.0,True,,
themealdb_api,52765,en,Chicken Enchilada Casserole,3 Cups shredded Monterey Jack cheese,3.0,3.0,cup,recognized,cheese,,matched,0.88,False,,
themealdb_api,52765,en,Chicken Enchilada Casserole,6 corn tortillas,6.0,6.0,,not_present,,,unmatched,0.0,True,,
themealdb_api,52765,en,Chicken Enchilada Casserole,2 chicken breasts,2.0,2.0,,unknown,chicken,,matched,0.88,True,,
themealdb_api,52767,en,Bakewell tart,175g/6oz plain flour,175.0,175.0,g,recognized,flour,,matched,1.0,False,,
themealdb_api,52767,en,Bakewell tart,75g/21⁄2oz chilled butter,75.0,75.0,g,recognized,butter,,matched,0.88,False,,
themealdb_api,52767,en,Bakewell tart,2-3 tbsp cold water,2.0,3.0,tbsp,recognized,water,,matched,0.88,False,,
themealdb_api,52767,en,Bakewell tart,1 tbsp raspberry jam,1.0,1.0,tbsp,recognized,,,unmatched,0.0,True,,
themealdb_api,52767,en,Bakewell tart,125g/41⁄2oz butter,125.0,125.0,g,recognized,butter,,matched,0.88,False,,
themealdb_api,52767,en,Bakewell tart,125g/41⁄2oz caster sugar,125.0,125.0,g,recognized,sugar,,matched,0.88,False,,
themealdb_api,52767,en,Bakewell tart,125g/41⁄2oz ground almonds,125.0,125.0,g,recognized,,,unmatched,0.0,True,,
themealdb_api,52767,en,Bakewell tart,"1 free-range egg, beaten",1.0,1.0,,unknown,egg,,matched,0.88,True,,
themealdb_api,52767,en,Bakewell tart,1⁄2 tsp almond extract,0.5,0.5,tsp,recognized,,,unmatched,0.0,True,,
themealdb_api,52767,en,Bakewell tart,50g/13⁄4oz flaked almonds,50.0,50.0,g,recognized,,,unmatched,0.0,True,,
themealdb_api,52768,en,Apple Frangipan Tart,175g/6oz digestive biscuits,175.0,175.0,g,recognized,,,unmatched,0.0,True,,
themealdb_api,52768,en,Apple Frangipan Tart,75g/3oz butter,75.0,75.0,g,recognized,butter,,matched,1.0,False,,
themealdb_api,52768,en,Apple Frangipan Tart,200g/7oz Bramley apples,200.0,200.0,g,recognized,,,unmatched,0.0,True,,
themealdb_api,52768,en,Apple Frangipan Tart,75g/3oz Salted Butter,75.0,75.0,g,recognized,butter,,matched,0.88,False,,
themealdb_api,52768,en,Apple Frangipan Tart,75g/3oz caster sugar,75.0,75.0,g,recognized,sugar,,matched,1.0,False,,
themealdb_api,52768,en,Apple Frangipan Tart,"2 free-range eggs, beaten",2.0,2.0,,unknown,egg,,matched,0.88,True,,
themealdb_api,52768,en,Apple Frangipan Tart,75g/3oz ground almonds,75.0,75.0,g,recognized,,,unmatched,0.0,True,,
themealdb_api,52768,en,Apple Frangipan Tart,1 tsp almond extract,1.0,1.0,tsp,recognized,,,unmatched,0.0,True,,
themealdb_api,52768,en,Apple Frangipan Tart,50g/13⁄4oz flaked almonds,50.0,50.0,g,recognized,,,unmatched,0.0,True,,
themealdb_api,52769,en,Kapsalon,250 Grams Fries,250.0,250.0,,not_present,,,unmatched,0.0,True,,
themealdb_api,52769,en,Kapsalon,500 Grams Doner Meat,500.0,500.0,,not_present,,,unmatched,0.0,True,,
themealdb_api,52769,en,Kapsalon,Topping Garlic sauce,,,,not_present,garlic,,matched,0.88,False,,
themealdb_api,52769,en,Kapsalon,Topping Hotsauce,,,,not_present,,,unmatched,0.0,True,,
themealdb_api,52769,en,Kapsalon,1 Bulb Lettuce,1.0,1.0,,not_present,,,unmatched,0.0,True,,
themealdb_api,52769,en,Kapsalon,1 Tomato,1.0,1.0,,not_present,tomato,,matched,1.0,False,,
themealdb_api,52769,en,Kapsalon,3rd Cucumber,3.0,3.0,,not_present,,,unmatched,0.0,True,,
themealdb_api,52769,en,Kapsalon,100 Grams Gouda cheese,100.0,100.0,,unknown,cheese,,matched,0.88,True,,
themealdb_api,52773,en,Honey Teriyaki Salmon,1 lb Salmon,1.0,1.0,,not_present,,,unmatched,0.0,True,,
themealdb_api,52773,en,Honey Teriyaki Salmon,1 tablespoon Olive oil,1.0,1.0,tbsp,recognized,olive-oil,,matched,1.0,False,,
themealdb_api,52773,en,Honey Teriyaki Salmon,2 tablespoons Soy Sauce,2.0,2.0,tbsp,recognized,,,unmatched,0.0,True,,
themealdb_api,52773,en,Honey Teriyaki Salmon,2 tablespoons Sake,2.0,2.0,tbsp,recognized,,,unmatched,0.0,True,,
themealdb_api,52773,en,Honey Teriyaki Salmon,4 tablespoons Sesame Seed,4.0,4.0,tbsp,recognized,,,unmatched,0.0,True,,
themealdb_api,52774,en,Pad See Ew,6oz/180g rice stick noodles,6.0,6.0,,unknown,rice,,matched,0.88,True,,
themealdb_api,52774,en,Pad See Ew,2 tbsp dark soy sauce,2.0,2.0,tbsp,recognized,,,unmatched,0.0,True,,
themealdb_api,52774,en,Pad See Ew,2 tbsp oyster sauce,2.0,2.0,tbsp,recognized,,,unmatched,0.0,True,,
themealdb_api,52774,en,Pad See Ew,2 tsp soy sauce,2.0,2.0,tsp,recognized,,,unmatched,0.0,True,,
themealdb_api,52774,en,Pad See Ew,2 tsp white vinegar,2.0,2.0,tsp,recognized,,,unmatched,0.0,True,,
themealdb_api,52774,en,Pad See Ew,2 tsp sugar,2.0,2.0,tsp,recognized,sugar,,matched,1.0,False,,
themealdb_api,52774,en,Pad See Ew,2 tbsp water,2.0,2.0,tbsp,recognized,water,,matched,1.0,False,,
themealdb_api,52774,en,Pad See Ew,2 tbsp peanut oil,2.0,2.0,tbsp,recognized,vegetable-oil,,matched,0.88,False,,
themealdb_api,52774,en,Pad See Ew,2 cloves garlic,2.0,2.0,clove,recognized,garlic,,matched,1.0,False,,
themealdb_api,52774,en,Pad See Ew,1 cup Chicken,1.0,1.0,cup,recognized,chicken,,matched,1.0,False,,
themealdb_api,52774,en,Pad See Ew,1 Egg,1.0,1.0,,not_present,egg,,matched,1.0,False,,
themealdb_api,52774,en,Pad See Ew,4 cups Chinese broccoli,4.0,4.0,cup,recognized,,,unmatched,0.0,True,,
themealdb_api,52776,en,Chocolate Gateau,250g Plain chocolate,250.0,250.0,g,recognized,,,unmatched,0.0,True,,
themealdb_api,52776,en,Chocolate Gateau,175g Butter,175.0,175.0,g,recognized,butter,,matched,1.0,False,,
themealdb_api,52776,en,Chocolate Gateau,2 tablespoons Milk,2.0,2.0,tbsp,recognized,milk,,matched,1.0,False,,
themealdb_api,52776,en,Chocolate Gateau,5 Eggs,5.0,5.0,,not_present,egg,,matched,1.0,False,,
themealdb_api,52776,en,Chocolate Gateau,175g Granulated Sugar,175.0,175.0,g,recognized,sugar,,matched,0.88,False,,
themealdb_api,52776,en,Chocolate Gateau,125g Flour,125.0,125.0,g,recognized,flour,,matched,1.0,False,,
themealdb_api,52777,en,Mediterranean Pasta Salad,200 g mozzarella balls,200.0,200.0,g,recognized,,,unmatched,0.0,True,,
themealdb_api,52777,en,Mediterranean Pasta Salad,250 g baby plum tomatoes,250.0,250.0,g,recognized,tomato,baby,matched,0.88,False,,
themealdb_api,52777,en,Mediterranean Pasta Salad,1 bunch fresh basil,1.0,1.0,bunch,recognized,,fresh,unmatched,0.0,True,,
themealdb_api,52777,en,Mediterranean Pasta Salad,350 g farfalle,350.0,350.0,g,recognized,,,unmatched,0.0,True,,
themealdb_api,52777,en,Mediterranean Pasta Salad,3 tablespoons extra virgin olive oil,3.0,3.0,tbsp,recognized,olive-oil,,matched,1.0,False,,
themealdb_api,52777,en,Mediterranean Pasta Salad,40 g Green Olives,40.0,40.0,g,recognized,,green,unmatched,0.0,True,,
themealdb_api,52777,en,Mediterranean Pasta Salad,200 g tuna,200.0,200.0,g,recognized,,,unmatched,0.0,True,,
themealdb_api,52777,en,Mediterranean Pasta Salad,to taste salt,,,,not_present,salt,,matched,0.88,False,,
themealdb_api,52777,en,Mediterranean Pasta Salad,to taste pepper,,,,not_present,,,ambiguous,0.3,True,,
themealdb_api,52779,en,Cream Cheese Tart,250g Flour,250.0,250.0,g,recognized,flour,,matched,1.0,False,,
themealdb_api,52779,en,Cream Cheese Tart,125g Butter,125.0,125.0,g,recognized,butter,,matched,1.0,False,,
themealdb_api,52779,en,Cream Cheese Tart,1 Egg,1.0,1.0,,not_present,egg,,matched,1.0,False,,
themealdb_api,52779,en,Cream Cheese Tart,Pinch Salt,,,pinch,recognized,salt,,matched,1.0,False,,
themealdb_api,52779,en,Cream Cheese Tart,300g Cheese,300.0,300.0,g,recognized,cheese,,matched,1.0,False,,
themealdb_api,52779,en,Cream Cheese Tart,100ml milk Milk,100.0,100.0,ml,recognized,milk,,matched,0.88,False,,
themealdb_api,52779,en,Cream Cheese Tart,3 Eggs,3.0,3.0,,not_present,egg,,matched,1.0,False,,
themealdb_api,52779,en,Cream Cheese Tart,100g Parmesan Cheese,100.0,100.0,g,recognized,cheese,,matched,0.88,False,,
themealdb_api,52779,en,Cream Cheese Tart,350g Plum tomatoes,350.0,350.0,g,recognized,tomato,,matched,0.88,False,,
themealdb_api,52779,en,Cream Cheese Tart,3tbsp White Vinegar,3.0,3.0,tbsp,recognized,,,unmatched,0.0,True,,
themealdb_api,52779,en,Cream Cheese Tart,1 tbsp Honey,1.0,1.0,tbsp,recognized,,,unmatched,0.0,True,,
themealdb_api,52779,en,Cream Cheese Tart,Topping Basil,,,,not_present,,,unmatched,0.0,True,,
themealdb_api,52781,en,Irish stew,300g soaked overnight in water whole wheat,300.0,300.0,g,recognized,water,,matched,0.88,False,,
themealdb_api,52781,en,Irish stew,2kg cut into 3cm cubes lamb loin chops,2.0,2.0,kg,recognized,lamb,,matched,0.88,False,,
themealdb_api,52781,en,Irish stew,120ml olive oil,120.0,120.0,ml,recognized,olive-oil,,matched,1.0,False,,
themealdb_api,52781,en,Irish stew,24 Skinned shallots,24.0,24.0,,not_present,,,unmatched,0.0,True,,
themealdb_api,52781,en,Irish stew,4 large Carrots,4.0,4.0,,unknown,carrot,,matched,0.88,True,,
themealdb_api,52781,en,Irish stew,2 turnips,2.0,2.0,,not_present,,,unmatched,0.0,True,,
themealdb_api,52781,en,Irish stew,1 celeriac,1.0,1.0,,not_present,,,unmatched,0.0,True,,
themealdb_api,52781,en,Irish stew,350g charlotte potatoes,350.0,350.0,g,recognized,potato,,matched,0.88,False,,
themealdb_api,52781,en,Irish stew,150ml white wine,150.0,150.0,ml,recognized,,,unmatched,0.0,True,,
themealdb_api,52781,en,Irish stew,1 tsp caster sugar,1.0,1.0,tsp,recognized,sugar,,matched,1.0,False,,
themealdb_api,52781,en,Irish stew,4 sprigs fresh thyme,4.0,4.0,,not_present,,fresh,unmatched,0.0,True,,
themealdb_api,52781,en,Irish stew,4 sprigs oregano,4.0,4.0,,not_present,,,unmatched,0.0,True,,
themealdb_api,52781,en,Irish stew,450ml chicken stock,450.0,450.0,ml,recognized,chicken,,matched,0.88,False,,
themealdb_api,52782,en,Lamb tomato and sweet spices,2 tbsp olive oil,2.0,2.0,tbsp,recognized,olive-oil,,matched,1.0,False,,
themealdb_api,52782,en,Lamb tomato and sweet spices,4cm piece finely chopped ginger,4.0,4.0,,not_present,,,unmatched,0.0,True,,
themealdb_api,52782,en,Lamb tomato and sweet spices,2 cloves peeled and chopped garlic,2.0,2.0,clove,recognized,garlic,,matched,0.88,True,,
themealdb_api,52782,en,Lamb tomato and sweet spices,800g peeled and chopped tomatoes,800.0,800.0,g,recognized,tomato,,matched,0.88,True,,
themealdb_api,52782,en,Lamb tomato and sweet spices,2 tbsp lemon juice,2.0,2.0,tbsp,recognized,lemon,,matched,1.0,False,,
themealdb_api,52782,en,Lamb tomato and sweet spices,1 tsp caster sugar,1.0,1.0,tsp,recognized,sugar,,matched,1.0,False,,
themealdb_api,52782,en,Lamb tomato and sweet spices,50 vine leaves,50.0,50.0,,not_present,,,unmatched,0.0,True,,
themealdb_api,52782,en,Lamb tomato and sweet spices,1 large fennel bulb,1.0,1.0,,not_present,,,unmatched,0.0,True,,
themealdb_api,52782,en,Lamb tomato and sweet spices,400g lamb mince,400.0,400.0,g,recognized,lamb,,matched,0.88,False,,
themealdb_api,52782,en,Lamb tomato and sweet spices,1 medium onion,1.0,1.0,,unknown,onion,,matched,0.88,True,,
themealdb_api,52782,en,Lamb tomato and sweet spices,1 small peeled and coarsely grated potatoes,1.0,1.0,,unknown,potato,,matched,0.88,True,,
themealdb_api,52782,en,Lamb tomato and sweet spices,2 tbsp basmati rice,2.0,2.0,tbsp,recognized,rice,,matched,0.88,False,,
themealdb_api,52782,en,Lamb tomato and sweet spices,2 tbsp chopped parsley,2.0,2.0,tbsp,recognized,parsley,,matched,1.0,False,,
themealdb_api,52782,en,Lamb tomato and sweet spices,2 tbsp chopped coriander,2.0,2.0,tbsp,recognized,,,unmatched,0.0,True,,
themealdb_api,52782,en,Lamb tomato and sweet spices,1 tbsp lemon juice,1.0,1.0,tbsp,recognized,lemon,,matched,1.0,False,,
themealdb_api,52782,en,Lamb tomato and sweet spices,2 cloves garlic,2.0,2.0,clove,recognized,garlic,,matched,1.0,False,,
themealdb_api,52782,en,Lamb tomato and sweet spices,1⁄2 tsp ground clove,0.5,0.5,tsp,recognized,,,unmatched,0.0,True,,
themealdb_api,52782,en,Lamb tomato and sweet spices,1⁄2 tsp ground cinnamon,0.5,0.5,tsp,recognized,,,unmatched,0.0,True,,
themealdb_api,52782,en,Lamb tomato and sweet spices,2 medium tomatoes,2.0,2.0,,unknown,tomato,,matched,0.88,True,,
themealdb_api,52785,en,Dal fry,1 cup Toor dal,1.0,1.0,cup,recognized,,,unmatched,0.0,True,,
themealdb_api,52785,en,Dal fry,2-1/2 cups Water,2.0,0.5,cup,recognized,water,,matched,1.0,False,,
themealdb_api,52785,en,Dal fry,1 tsp Salt,1.0,1.0,tsp,recognized,salt,,matched,1.0,False,,
themealdb_api,52785,en,Dal fry,1/4 tsp Turmeric,0.25,0.25,tsp,recognized,,,unmatched,0.0,True,,
themealdb_api,52785,en,Dal fry,3 tbs Ghee,3.0,3.0,tbsp,recognized,,,unmatched,0.0,True,,
themealdb_api,52785,en,Dal fry,1 cup Chopped tomatoes,1.0,1.0,cup,recognized,tomato,,matched,1.0,False,,
themealdb_api,52785,en,Dal fry,1/2 tsp Cumin seeds,0.5,0.5,tsp,recognized,cumin,,matched,0.88,False,,
themealdb_api,52785,en,Dal fry,1/2 tsp Mustard Seeds,0.5,0.5,tsp,recognized,,,unmatched,0.0,True,,
themealdb_api,52785,en,Dal fry,2 Bay Leaf,2.0,2.0,,not_present,,,unmatched,0.0,True,,
themealdb_api,52785,en,Dal fry,1 tbs chopped Green Chilli,1.0,1.0,tbsp,recognized,,green,unmatched,0.0,True,,
themealdb_api,52785,en,Dal fry,2 tsp shredded Ginger,2.0,2.0,tsp,recognized,,,unmatched,0.0,True,,
themealdb_api,52785,en,Dal fry,2 tbs Cilantro,2.0,2.0,tbsp,recognized,,,unmatched,0.0,True,,
themealdb_api,52785,en,Dal fry,1/2 tsp Red Pepper,0.5,0.5,tsp,recognized,,red,ambiguous,0.3,True,,
themealdb_api,52785,en,Dal fry,1/2 tsp Salt,0.5,0.5,tsp,recognized,salt,,matched,1.0,False,,
themealdb_api,52785,en,Dal fry,1 tsp Sugar,1.0,1.0,tsp,recognized,sugar,,matched,1.0,False,,
themealdb_api,52785,en,Dal fry,1/4 tsp Garam Masala,0.25,0.25,tsp,recognized,,,unmatched,0.0,True,,
themealdb_api,52787,en,Hot Chocolate Fudge,2 cups Chocolate Chips,2.0,2.0,cup,recognized,,,unmatched,0.0,True,,
themealdb_api,52787,en,Hot Chocolate Fudge,2 tbs Heavy Cream,2.0,2.0,tbsp,recognized,,,unmatched,0.0,True,,
themealdb_api,52787,en,Hot Chocolate Fudge,1 – 14-ounce can Condensed Milk,1.0,14.0,,unknown,milk,,matched,0.88,True,,
themealdb_api,52787,en,Hot Chocolate Fudge,1 tsp Vanilla Extract,1.0,1.0,tsp,recognized,,,unmatched,0.0,True,,
themealdb_api,52787,en,Hot Chocolate Fudge,1-1⁄3 cups White Chocolate Chips,1.0,0.3333333333333333,cup,recognized,,,unmatched,0.0,True,,
themealdb_api,52787,en,Hot Chocolate Fudge,1-1⁄2 cups Miniature Marshmallows,1.0,0.5,cup,recognized,,,unmatched,0.0,True,,
themealdb_api,52788,en,Christmas Pudding Flapjack,250g salted butter,250.0,250.0,g,recognized,butter,,matched,0.88,False,,
themealdb_api,52788,en,Christmas Pudding Flapjack,225g dark soft brown sugar,225.0,225.0,g,recognized,sugar,,matched,0.88,False,,
themealdb_api,52788,en,Christmas Pudding Flapjack,150g golden syrup,150.0,150.0,g,recognized,,,unmatched,0.0,True,,
themealdb_api,52788,en,Christmas Pudding Flapjack,Zest of 1 orange,,,,not_present,,,unmatched,0.0,True,,
themealdb_api,52788,en,Christmas Pudding Flapjack,500g rolled oats,500.0,500.0,g,recognized,,,unmatched,0.0,True,,
themealdb_api,52788,en,Christmas Pudding Flapjack,250g Christmas pudding,250.0,250.0,g,recognized,,,unmatched,0.0,True,,
themealdb_api,52791,en,Eton Mess,500g strawberries,500.0,500.0,g,recognized,,,unmatched,0.0,True,,
themealdb_api,52791,en,Eton Mess,400ml double cream,400.0,400.0,ml,recognized,,,unmatched,0.0,True,,
themealdb_api,52791,en,Eton Mess,3 x 7.5cm meringue nests,3.0,3.0,,not_present,,,unmatched,0.0,True,,
themealdb_api,52791,en,Eton Mess,1 tbsp ginger cordial,1.0,1.0,tbsp,recognized,,,unmatched,0.0,True,,
themealdb_api,52791,en,Eton Mess,sprigs of fresh Mint,,,,not_present,mint,fresh,matched,0.88,False,,
themealdb_api,52792,en,Bread and Butter Pudding,25g/1oz butter,25.0,25.0,g,recognized,butter,,matched,1.0,False,,
themealdb_api,52792,en,Bread and Butter Pudding,8 thin slices bread,8.0,8.0,,unknown,bread,,matched,0.88,True,,
themealdb_api,52792,en,Bread and Butter Pudding,50g/2oz sultanas,50.0,50.0,g,recognized,,,unmatched,0.0,True,,
themealdb_api,52792,en,Bread and Butter Pudding,2 tsp cinnamon,2.0,2.0,tsp,recognized,,,unmatched,0.0,True,,
themealdb_api,52792,en,Bread and Butter Pudding,350ml/12fl milk,350.0,350.0,ml,recognized,milk,,matched,0.88,False,,
themealdb_api,52792,en,Bread and Butter Pudding,50ml/2fl oz double cream,50.0,50.0,ml,recognized,,,unmatched,0.0,True,,
themealdb_api,52792,en,Bread and Butter Pudding,2 free-range eggs,2.0,2.0,,unknown,egg,,matched,0.88,True,,
themealdb_api,52792,en,Bread and Butter Pudding,25g/1oz sugar,25.0,25.0,g,recognized,sugar,,matched,1.0,False,,
themealdb_api,52792,en,Bread and Butter Pudding,"grated, to taste nutmeg",,,,not_present,,,unmatched,0.0,True,,
themealdb_api,52795,en,Chicken Handi,1.2 kg Chicken,1.2,1.2,kg,recognized,chicken,,matched,1.0,False,,
themealdb_api,52795,en,Chicken Handi,5 thinly sliced Onion,5.0,5.0,,unknown,onion,,matched,0.88,True,,
themealdb_api,52795,en,Chicken Handi,2 finely chopped Tomatoes,2.0,2.0,,unknown,tomato,,matched,0.88,True,,
themealdb_api,52795,en,Chicken Handi,8 cloves chopped Garlic,8.0,8.0,clove,recognized,garlic,,matched,1.0,False,,
themealdb_api,52795,en,Chicken Handi,1 tbsp Ginger paste,1.0,1.0,tbsp,recognized,,,unmatched,0.0,True,,
themealdb_api,52795,en,Chicken Handi,1⁄4 cup Vegetable oil,0.25,0.25,cup,recognized,vegetable-oil,,matched,1.0,False,,
themealdb_api,52795,en,Chicken Handi,2 tsp Cumin seeds,2.0,2.0,tsp,recognized,cumin,,matched,0.88,False,,
themealdb_api,52795,en,Chicken Handi,3 tsp Coriander seeds,3.0,3.0,tsp,recognized,,,unmatched,0.0,True,,
themealdb_api,52795,en,Chicken Handi,1 tsp Turmeric powder,1.0,1.0,tsp,recognized,,,unmatched,0.0,True,,
themealdb_api,52795,en,Chicken Handi,1 tsp Chilli powder,1.0,1.0,tsp,recognized,,,unmatched,0.0,True,,
themealdb_api,52795,en,Chicken Handi,2 Green chilli,2.0,2.0,,not_present,,green,unmatched,0.0,True,,
themealdb_api,52795,en,Chicken Handi,1 cup Yogurt,1.0,1.0,cup,recognized,yogurt,,matched,1.0,False,,
themealdb_api,52795,en,Chicken Handi,3⁄4 cup Cream,0.75,0.75,cup,recognized,,,unmatched,0.0,True,,
themealdb_api,52795,en,Chicken Handi,3 tsp Dried fenugreek,3.0,3.0,tsp,recognized,,dried,unmatched,0.0,True,,
themealdb_api,52795,en,Chicken Handi,1 tsp Garam masala,1.0,1.0,tsp,recognized,,,unmatched,0.0,True,,
themealdb_api,52795,en,Chicken Handi,To taste Salt,,,,not_present,salt,,matched,0.88,False,,
themealdb_api,52796,en,Chicken Alfredo Primavera,2 tablespoons Butter,2.0,2.0,tbsp,recognized,butter,,matched,1.0,False,,
themealdb_api,52796,en,Chicken Alfredo Primavera,3 tablespoons Olive Oil,3.0,3.0,tbsp,recognized,olive-oil,,matched,1.0,False,,
themealdb_api,52796,en,Chicken Alfredo Primavera,5 boneless Chicken,5.0,5.0,,not_present,chicken,boneless,matched,1.0,False,,
themealdb_api,52796,en,Chicken Alfredo Primavera,1 teaspoon Salt,1.0,1.0,tsp,recognized,salt,,matched,1.0,False,,
themealdb_api,52796,en,Chicken Alfredo Primavera,1 cut into 1/2-inch cubes Squash,1.0,1.0,,not_present,,,unmatched,0.0,True,,
themealdb_api,52796,en,Chicken Alfredo Primavera,1 Head chopped Broccoli,1.0,1.0,,not_present,,,unmatched,0.0,True,,
themealdb_api,52796,en,Chicken Alfredo Primavera,8-ounce sliced mushrooms,8.0,8.0,,not_present,,,unmatched,0.0,True,,
themealdb_api,52796,en,Chicken Alfredo Primavera,1 red Pepper,1.0,1.0,,not_present,,red,ambiguous,0.3,True,,
themealdb_api,52796,en,Chicken Alfredo Primavera,1 chopped onion,1.0,1.0,,not_present,onion,,matched,1.0,False,,
themealdb_api,52796,en,Chicken Alfredo Primavera,3 cloves garlic,3.0,3.0,clove,recognized,garlic,,matched,1.0,False,,
themealdb_api,52796,en,Chicken Alfredo Primavera,1/2 teaspoon red pepper flakes,0.5,0.5,tsp,recognized,,red,ambiguous,0.3,True,,
themealdb_api,52796,en,Chicken Alfredo Primavera,1/2 cup white wine,0.5,0.5,cup,recognized,,,unmatched,0.0,True,,
themealdb_api,52796,en,Chicken Alfredo Primavera,1/2 cup milk,0.5,0.5,cup,recognized,milk,,matched,1.0,False,,
themealdb_api,52796,en,Chicken Alfredo Primavera,1/2 cup heavy cream,0.5,0.5,cup,recognized,,,unmatched,0.0,True,,
themealdb_api,52796,en,Chicken Alfredo Primavera,1 cup grated Parmesan cheese,1.0,1.0,cup,recognized,cheese,,matched,0.88,False,,
themealdb_api,52796,en,Chicken Alfredo Primavera,16 ounces bowtie pasta,16.0,16.0,,not_present,,,unmatched,0.0,True,,
themealdb_api,52796,en,Chicken Alfredo Primavera,pinch Salt,,,pinch,recognized,salt,,matched,1.0,False,,
themealdb_api,52796,en,Chicken Alfredo Primavera,pinch Pepper,,,pinch,recognized,,,ambiguous,0.3,True,,
themealdb_api,52796,en,Chicken Alfredo Primavera,chopped Parsley,,,,not_present,parsley,,matched,1.0,False,,
themealdb_api,52802,en,Fish pie,900g Floury Potatoes,900.0,900.0,g,recognized,potato,,matched,0.88,False,,
themealdb_api,52802,en,Fish pie,2 tbsp Olive Oil,2.0,2.0,tbsp,recognized,olive-oil,,matched,1.0,False,,
themealdb_api,52802,en,Fish pie,600ml Semi-skimmed Milk,600.0,600.0,ml,recognized,milk,,matched,0.88,False,,
themealdb_api,52802,en,Fish pie,800g White Fish Fillets,800.0,800.0,g,recognized,,,unmatched,0.0,True,,
themealdb_api,52802,en,Fish pie,1 tbsp Plain flour,1.0,1.0,tbsp,recognized,flour,,matched,1.0,False,,
themealdb_api,52802,en,Fish pie,Grating Nutmeg,,,,not_present,,,unmatched,0.0,True,,
themealdb_api,52802,en,Fish pie,3 tbsp Double Cream,3.0,3.0,tbsp,recognized,,,unmatched,0.0,True,,
themealdb_api,52802,en,Fish pie,200g Jerusalem Artichokes,200.0,200.0,g,recognized,,,unmatched,0.0,True,,
